<?xml version="1.0" encoding="UTF-8"?>
<view>
  <component type="output" id="guesses">
    <valuebinding>#{fourDigitNumberGuess.guesses}</valuebinding>
  </component>
  <component type="branchcontainer" id="guesshistory:">
    <component type="replicator" id="guesshistoryrep">
      <valuebinding>#{fourDigitNumberGuess.guessHistory}</valuebinding>
      <idstrategy type="directindex"/>
      <component type="branchcontainer" id="guessline:">
        <component type="output" id="guess">
          <valuebinding>#{*.guess}</valuebinding>
        </component>
        <component type="output" id="rightPosition">
          <valuebinding>#{*.rightPosition}</valuebinding>
        </component>
        <component type="output" id="correctButWrongPosition">
          <valuebinding>#{*.correctButWrongPosition}</valuebinding>
        </component>
      </component> <!-- end branchline defn -->
    </component><!-- end replicator defn -->
  </component> <!-- end branch defn -->
  <component type="form" id="basic-form">
    <component type="input" id="newguess">
      <valuebinding>#{fourDigitNumberGuessAction.guess}</valuebinding>
    </component>
    <component type="command" id="submitGuess">
      <methodbinding>#{fourDigitNumberGuessFlow.submit}</methodbinding>
    </component>
    <!-- As well as component definitions for all the fields, the form
    includes a "pure EL binding" which "assigns" the numberGuess data
    bean into the correct field of the action bean. Note that in this case
    since this the binding is constant, this dependency could have been 
    specified in the Spring config file on the server and not sent here. When 
    dealing with a "proper" data model you will have to do it this way 
    however. -->
    <parameter type="elbinding">
      <valuebinding>#{fourDigitNumberGuessAction.data}</valuebinding>
      <rvalue type="elref">#{fourDigitNumberGuess}</rvalue>
    </parameter>
  </component>
</view>