<?xml version="1.0" encoding="UTF-8"?>
<view>
  <component type="form" id="basic-form">
    <component type="output" id="guessesSoFar">
      <valuebinding>#{numberGuess.guesses}</valuebinding>
    </component>
    <component type="output" id="lastGuessResult">
      <valuebinding>#{numberGuess.lastGuessResult}</valuebinding>
    </component>
    <component type="input" id="guess">
      <valuebinding>#{numberGuessAction.guess}</valuebinding>
    </component>
    <component type="command" id="submitGuess">
      <methodbinding>#{numberGuessFlow.submit}</methodbinding>
    </component>
    <!-- As well as component definitions for all the fields, the form
      includes a "pure EL binding" which "assigns" the numberGuess data
      bean into the correct field of the action bean -->
    <parameter type="elbinding">
      <valuebinding>#{numberGuessAction.data}</valuebinding>
      <rvalue type="elref">#{numberGuess}</rvalue>
    </parameter>
  </component>
</view>