<?xml version="1.0" encoding="UTF-8"?>
<view>
  <component type="output" id="answer">
    <valuebinding>#{fourDigitNumberGuess.answer}</valuebinding>
  </component>
  <component type="output" id="guesses">
    <valuebinding>#{fourDigitNumberGuess.guesses}</valuebinding>
  </component>
  <component type="output" id="durationSeconds">
    <valuebinding>#{fourDigitNumberGuess.durationSeconds}</valuebinding>
  </component>
  <component type="form" id="basic-form">
    <component type="command" id="playagain">
      <methodbinding>#{fourDigitNumberGuessFlow.flow-start}</methodbinding>
    </component>
  </component>
</view>