<?xml version="1.0" encoding="UTF-8"?>
<!DOCTYPE beans PUBLIC "-//SPRING//DTD BEAN//EN" 
	"http://www.springframework.org/dtd/spring-beans.dtd">
<beans>
<!--  Two simple "DAO"s to return all Recipes and Categories -->
  <bean id="recipes-all" parent="HQLQuery">
    <property name="HQLString" value="from Recipe"/>
  </bean>
  
   <bean id="categories-all" parent="HQLQuery">
    <property name="HQLString" value="from Category"/>
  </bean>
  
<!-- A Date "exploder" to be a source of fresh Date objects -->  
  <bean id="newdate" parent="beanExploder">
    <property name="beanClass" value="java.util.Date"/>
  </bean>
  
<!-- Set up this app to use JSF-style action interpretation via 
  navigation-map.xml and navigation-cases returned from views.-->
   <bean id="defaultARI" parent="JSFNavigationARI"/>
</beans>