<?xml version="1.0" encoding="UTF-8"?>
<project>
  <pomVersion>3</pomVersion>
  <artifactId>j-servletutil</artifactId>
  <name>J-ServletUtil</name>
  <groupId>j-servletutil</groupId>
  <currentVersion>${jservletutil.version}</currentVersion>
  <shortDescription>ServletUtil Servlet and Spring libraries</shortDescription>
  <description>Contains libraries for abstracting over servlet dispatch and request scope container (aka RSAC)</description>
  <inceptionYear>2005</inceptionYear>
  <logo>/images/logo.gif</logo>
  <mailingLists>
    <mailingList>
      <name>${pom.name} Dev List</name>
    </mailingList>
    <mailingList>
      <name>${pom.name} User List</name>
    </mailingList>
  </mailingLists>
    <gumpRepositoryId>caret-saffron-svn</gumpRepositoryId>
    <siteAddress>saffron.caret.cam.ac.uk</siteAddress>
    <siteDirectory>/home/gump/project-websites/ServletUtil/</siteDirectory>
    <distributionSite>saffron.caret.cam.ac.uk</distributionSite>
    <distributionDirectory>/home/gump/project-downloads/ServletUtil</distributionDirectory>
  <developers>
    <developer>
      <id>amb26</id>
      <name>Antranig Basman</name>
      <email>antranig@caret.cam.ac.uk</email>
      <url></url>
      <organization>CARET</organization>
      <organizationUrl>http://www.caret.cam.ac.uk/</organizationUrl>
    </developer>
  </developers>
  <licenses>
    <license>
      <name>University of Cambridge, Open Source License</name>
      <url></url>
      <distribution>repo</distribution>
    </license>
    </licenses>
    <repository>
        <connection>scm:svn:https://saffron.caret.cam.ac.uk/svn/projects/ServletUtil/trunk</connection>
        <developerConnection>scm:svn:https://saffron.caret.cam.ac.uk/svn/projects/ServletUtil/trunk</developerConnection>
        <url>https://saffron.caret.cam.ac.uk/cgi-bin/viewcvs.cgi/</url>
    </repository>
    <organization>
        <name>CARET, University of Cambridge</name>
        <url>http://www.caret.cam.ac.uk/</url>
    </organization>
  <dependencies>
    <dependency>
      <groupId>ponderutilcore</groupId>
      <artifactId>ponderutilcore</artifactId>
      <version>${ponderutilcore.version}</version>
      <type>jar</type>
    </dependency>
    <dependency>
      <groupId>servletapi</groupId>
      <artifactId>servletapi</artifactId>
      <version>2.3</version>
      <type>jar</type>
    </dependency>
    <dependency>
      <groupId>springframework</groupId>
      <artifactId>spring</artifactId>
      <version>1.1.5</version>
      <type>jar</type>
    </dependency>
    <dependency>
      <groupId>log4j</groupId>
      <artifactId>log4j</artifactId>
      <version>1.2.9</version>
      <type>jar</type>
    </dependency>
  </dependencies>
  <build>
    <sourceDirectory>src</sourceDirectory>
   
  </build>
</project>

