<?xml version="1.0" encoding="UTF-8"?>
<view>
  <component type="switch" id="headingswitch">
    <lvalue type="elref">#{viewParameters.mode}</lvalue>
    <rvalue type="java.lang.String">new</rvalue>
    <truecomponent type="output" id="new-recipe-heading"></truecomponent>
    <falsecomponent type="output" id="edit-recipe-heading"></falsecomponent>
  </component>
  <component type="form" id="basic-form">
    <component type="replicator" id="reciperep">
      <valuebinding>#{viewParameters.entity}</valuebinding>
      <idstrategy type="idremap" basepath="#{Recipe}" idfield="ID"/>
      <elideparent>true</elideparent>
      <component type="branchcontainer" id="recipeline:">
        <component type="input" id="recipe-title">
          <valuebinding>#{*.title}</valuebinding>
        </component>
        <component type="input" id="recipe-description">
          <valuebinding>#{*.description}</valuebinding>
        </component>
        <component type="input" id="recipe-date-year">
          <valuebinding>#{datetransit.1.year}</valuebinding>
        </component>
        <component type="select" id="recipe-date-month">
          <optionlist>
            <valuebinding>#{monthBean.indexes}</valuebinding>
          </optionlist>
          <optionnames type="outputmany">
            <resolver type="elref">#{monthBean.names}</resolver>
          </optionnames>
          <selection type="input">
            <valuebinding>#{datetransit.1.month}</valuebinding>
          </selection>
        </component>
        <component type="input" id="recipe-date-day">
          <valuebinding>#{datetransit.1.day}</valuebinding>
        </component>
        <component type="error" id="recipe-date">
          <outputbinding>#{datetransit.1.date}</outputbinding>
        </component>
        <component type="input" id="recipe-instructions">
          <valuebinding>#{*.instructions}</valuebinding>
        </component>
        <parameter type="elbinding">
          <valuebinding>#{*.date}</valuebinding>
          <rvalue type="elref">#{datetransit.1.date}</rvalue>
        </parameter>
      </component>
    </component>
    <component type="command" id="recipe-save" />
    <component type="internallink" id="recipe-cancel">
      <viewparams>/recipes</viewparams>
    </component>
  </component>
  <!--  There is only one submission control on the page, so neglect return value -->
  <navigation-case to-view-id="/recipes"/>
  <view-parameters type="entitycentred">
    <entity name="Recipe" />
  </view-parameters>
</view>