<?xml version="1.0" encoding="UTF-8"?>
<!DOCTYPE beans PUBLIC "-//SPRING//DTD BEAN//EN" 
	"http://www.springframework.org/dtd/spring-beans.dtd">
<beans>
  <!--  Two simple "DAO"s to return all Recipes and Categories -->
  <bean id="recipes-all" parent="HQLQuery">
    <property name="HQLString" value="from Recipe" />
  </bean>

  <bean id="categories-all" parent="HQLQuery">
    <property name="HQLString" value="from Category" />
  </bean>
  
  <!-- Four request-scope view producers -->
  <bean id="categories-producer"
    class="uk.org.ponder.rsf.cookbook.producers.Categories">
    <property name="categoryList" ref="categories-all" />
  </bean>

  <bean id="category-show-producer"
    class="uk.org.ponder.rsf.cookbook.producers.CategoryShow">
    <property name="ELEvaluator" ref="ELEvaluator" />
  </bean>

  <bean id="recipes-producer"
    class="uk.org.ponder.rsf.cookbook.producers.Recipes">
    <property name="recipeList" ref="recipes-all" />
  </bean>

  <bean id="recipe-show-producer"
    class="uk.org.ponder.rsf.cookbook.producers.RecipeShow">
    <property name="ELEvaluator" ref="ELEvaluator" />
  </bean>

  <!-- Set up this app to use JSF-style action interpretation via 
    navigation-map.xml and navigation-cases returned from views.-->
  <bean id="defaultARI" parent="JSFNavigationARI" />
</beans>