<?xml version="1.0" encoding="UTF-8"?>
<project>
  <pomVersion>3</pomVersion>
  <name>PonderUtilCore</name>
  <groupId>ponderutilcore</groupId>
  <artifactId>ponderutilcore</artifactId>
  <currentVersion>1.0</currentVersion>
  <shortDescription>Low-level library, serialization and primitive types</shortDescription>
  <description>PonderUtilCore is a low-level library for Serialization and Primitive type manipulation</description>
  <inceptionYear>2005</inceptionYear>
  <logo>/images/logo.gif</logo>
  <mailingLists>
    <mailingList>
      <name>${pom.name} Dev List</name>
    </mailingList>
    <mailingList>
      <name>${pom.name} User List</name>
    </mailingList>
  </mailingLists>
    <gumpRepositoryId>caret-saffron-svn</gumpRepositoryId>
    <siteAddress>saffron.caret.cam.ac.uk</siteAddress>
    <siteDirectory>/home/gump/project-websites/PonderUtilCore/</siteDirectory>
    <distributionSite>saffron.caret.cam.ac.uk</distributionSite>
    <distributionDirectory>/home/gump/project-downloads/PonderUtilCore</distributionDirectory>
  <developers>
    <developer>
      <id>amb26</id>
      <name>Antranig Basman</name>
      <email>antranig@caret.cam.ac.uk</email>
      <url></url>
      <organization>CARET</organization>
      <organizationUrl>http://www.caret.cam.ac.uk/</organizationUrl>
    </developer>
  </developers>
  <licenses>
    <license>
      <name>University of Cambridge, Open Source License</name>
      <url></url>
      <distribution>repo</distribution>
    </license>
    </licenses>
    <repository>
        <connection>scm:svn:https://saffron.caret.cam.ac.uk/svn/projects/PonderUtilCore/trunk</connection>
        <developerConnection>scm:svn:https://saffron.caret.cam.ac.uk/svn/projects/PonderUtilCore/trunk</developerConnection>
        <url>https://saffron.caret.cam.ac.uk/cgi-bin/viewcvs.cgi/</url>
    </repository>
    <organization>
        <name>CARET, University of Cambridge</name>
        <url>http://www.caret.cam.ac.uk/</url>
    </organization>
  <dependencies>
    <dependency>
      <groupId>log4j</groupId>
      <artifactId>log4j</artifactId>
      <version>1.2.9</version>
      <type>jar</type>
    </dependency>
  </dependencies>
  <build>
    <sourceDirectory>src</sourceDirectory>
    <unitTest>
      <includes>
        <include>**/*Test.java</include>
      </includes>
    </unitTest>
  </build>
</project>

