<?xml version="1.0" encoding="UTF-8"?>
<!DOCTYPE beans PUBLIC "-//SPRING//DTD BEAN//EN" "http://www.springframework.org/dtd/spring-beans.dtd">

<beans>
<!-- Load the definitions of the two flows operated by the app -->
  <bean id="numberGuessFlowDef" parent="flowLite-flowDefinition">
    <property name="location">
      <value>/WEB-INF/flows/numberGuess-flow.xml</value>
    </property>
  </bean>
  
  <bean id="fourDigitNumberGuessFlowDef" parent="flowLite-flowDefinition">
    <property name="location">
      <value>/WEB-INF/flows/fourDigitNumberGuess-flow.xml</value>
    </property>
  </bean>
  
  <!--  Set up XML view resolvers pointing at the producers directory -->
  <bean id="XMLViewResolver" parent="XMLViewResolverDef">
    <property name="basePath" value="/WEB-INF/producers/" />
  </bean>
  
  <!--  Configure an "Action Error Strategy" file to deal with erroneous POSTs -->  
  <bean id="XMLActionErrorStrategies" parent="XMLActionErrorStrategyDef">
    <property name="location">
      <value>/WEB-INF/flows/actionErrorStrategies.xml</value>
    </property>
  </bean>
  
  <!-- For security purposes, only beans listed in this collection may be the
    target of EL operations coming in over the request -->
  <bean name="requestAddressibleBeans"
    class="uk.org.ponder.springutil.StringListFactory">
    <property name="strings">
        <value>numberGuess, fourDigitNumberGuess, numberGuessAction, 
          fourDigitNumberGuessAction, numberGuessFlow, 
          fourDigitNumberGuessFlow, flowLite-flowIDHolder</value>
    </property>
  </bean>
  <!-- The beans which will be preserved across a flow via simple instance
    copying -->
  <bean name="copyPreservingBeans" class="uk.org.ponder.springutil.StringListFactory">
    <property name="strings">
      <value>numberGuess, fourDigitNumberGuess</value>
    </property>
  </bean>
</beans>