<?xml version="1.0" encoding="UTF-8"?>
<!DOCTYPE beans PUBLIC "-//SPRING//DTD BEAN//EN" "http://www.springframework.org/dtd/spring-beans.dtd">

<!-- The "request scope application context" file. The two "action" beans definitions
  are identical to those from the original SWF file, whereas the "data" beans are
  now backed by beans which used to be defined in private static inner classes. -->

<beans>
  <bean id="numberGuess"
    class="org.springframework.webflow.samples.numberguess.NumberGuessData" />

  <bean id="fourDigitNumberGuess"
    class="org.springframework.webflow.samples.numberguess.FourDigitNumberGuessData" />

  <bean id="numberGuessAction"
    class="org.springframework.webflow.samples.numberguess.NumberGuessAction" />

  <bean id="fourDigitNumberGuessAction"
    class="org.springframework.webflow.samples.numberguess.FourDigitNumberGuessAction" />

  <!-- The beans which actually intercept and handle flow events -->
  <bean id="numberGuessFlow" parent="flowLite-flowProxyBean">
    <property name="flow" ref="numberGuessFlowDef" />
  </bean>
  <bean id="fourDigitNumberGuessFlow" parent="flowLite-flowProxyBean">
    <property name="flow" ref="fourDigitNumberGuessFlowDef" />
  </bean>
</beans>