<?xml version="1.0"?>
<!DOCTYPE hibernate-mapping PUBLIC
  "-//Hibernate/Hibernate Mapping DTD 2.0//EN"
  "http://hibernate.sourceforge.net/hibernate-mapping-2.0.dtd"> 

<hibernate-mapping package="uk.org.ponder.rsf.cookbook">

	<class name="Recipe" table="recipe">
		<id name="id" type="int">
			<generator class="native"/>
		</id>
		<property name="title" type="string" not-null="true" length="255"/>
		<property name="description" type="string" length="255" />
		<property name="date" type="date" />
		<property name="instructions" type="string"/>
    <many-to-one name="category" class="uk.org.ponder.rsf.cookbook.Category" column="recipe_id"/>
	</class>
  
  <class name="Category" table="category">
   	<id name="id" type="int">
			<generator class="native"/>
		</id>
    <property name="name" type="string" length="50"/>
  </class>

</hibernate-mapping>