<?xml version="1.0" encoding="UTF-8"?>
<project>
  <pomVersion>3</pomVersion>
  <artifactId>rsf-numberguess</artifactId>
  <name>RSFNumberGuess</name>
  <groupId>rsftest</groupId>
  <currentVersion>${rsfutil.version}</currentVersion>
  <organization>
    <name>CARET</name>
    <url>http://www.caret.cam.ac.uk</url>
  </organization>
  <inceptionYear>2005</inceptionYear>
  <logo>/images/logo.gif</logo>
  <description>Standard "Number Guessing Game" sample for RSF</description>
  <repository />
  <mailingLists>
    <mailingList>
      <name>${pom.name} Dev List</name>
    </mailingList>
    <mailingList>
      <name>${pom.name} User List</name>
    </mailingList>
  </mailingLists>
  <reports>
</reports>
  <dependencies>
    <!-- begin standard RSF dependencies here -->
    <dependency>
      <groupId>ponderutilcore</groupId>
      <artifactId>ponderutilcore</artifactId>
      <version>${ponderutilcore.version}</version>
      <type>jar</type>
      <properties>
        <war.bundle>true</war.bundle>
      </properties>
    </dependency>
    <dependency>
      <groupId>j-servletutil</groupId>
      <artifactId>j-servletutil</artifactId>
      <version>${jservletutil.version}</version>
      <type>jar</type>
      <properties>
        <war.bundle>true</war.bundle>
      </properties>
    </dependency>
    <dependency>
      <groupId>rsfutil</groupId>
      <artifactId>rsfutil</artifactId>
      <version>${rsfutil.version}</version>
      <type>jar</type>
      <properties>
        <war.bundle>true</war.bundle>
      </properties>
    </dependency>
    <dependency>
      <groupId>servletapi</groupId>
      <artifactId>servletapi</artifactId>
      <version>2.3</version>
      <type>jar</type>
    </dependency>
     <dependency>
      <groupId>log4j</groupId>
      <artifactId>log4j</artifactId>
      <version>1.2.9</version>
      <type>jar</type>
      <properties>
        <war.bundle>true</war.bundle>
      </properties>
    </dependency>
    <dependency>
      <groupId>springframework</groupId>
      <artifactId>spring</artifactId>
      <version>1.2.6</version>
      <type>jar</type> 
      <properties>
        <war.bundle>true</war.bundle>
      </properties>
    </dependency>
    <!--  The framework requires CGLIB (Java bytecode manipulation library) 
      in order to implement lazy-loaded beans  -->
    <dependency>
      <groupId>aopalliance</groupId>
      <artifactId>aopalliance</artifactId>
      <version>1.0</version>
      <type>jar</type> 
      <properties>
        <war.bundle>true</war.bundle>
      </properties>
    </dependency>
    <dependency>
      <groupId>cglib</groupId>
      <artifactId>cglib</artifactId>
      <version>nodep-2.1_3</version>
      <type>jar</type> 
      <properties>
        <war.bundle>true</war.bundle>
      </properties>
    </dependency>  
    <dependency>
      <!-- Doug Lea's Oswego concurrency package. The forerunner of JSR 166
        java.util.concurrent -->
      <groupId>concurrent</groupId>
      <artifactId>concurrent</artifactId>
      <version>1.3.4</version>
      <type>jar</type>
      <properties>
        <war.bundle>true</war.bundle>
      </properties>
    </dependency>
    <!-- Aleksander Slominski's (U Indiana) lightning-fast XML pull parser -->
      <dependency>
      <groupId>xpp3</groupId>
      <artifactId>xpp3</artifactId>
      <version>1.1.3.4-RC8_min</version>
      <type>jar</type>
      <properties>
        <war.bundle>true</war.bundle>
      </properties>
    </dependency>
  </dependencies>
  <build>
    <sourceDirectory>src/java</sourceDirectory>
    <unitTestSourceDirectory>src/test</unitTestSourceDirectory>
    <unitTest>
      <includes>
        <include>**/*Test.java</include>
      </includes>
    </unitTest>
  </build>
</project>

