<?xml version="1.0" encoding="UTF-8"?>
<!DOCTYPE beans PUBLIC "-//SPRING//DTD BEAN//EN"
  "http://www.springframework.org/dtd/spring-beans.dtd">
<beans>
  <bean id="sessionFactory"
    parent="org.sakaiproject.springframework.orm.hibernate.SessionFactoryBase">
    <property name="mappingResources">
      <list>
        <value>conf/cookbook.hbm.xml</value>
      </list>
    </property>
  </bean>

  <!-- Define the bean roots from the request scope file that are accessible 
    via incoming request EL - NB, hibernate-exposed entities are permitted by default -->
  <bean name="requestAddressibleBeans"
    class="uk.org.ponder.springutil.StringListFactory">
    <property name="strings">
      <value>
        recipes-all, categories-all, fieldGetter, id-defunnel
      </value>
    </property>
  </bean>

  <!--  Three application-scope view producers -->
  <bean name="index-producer"
    class="uk.org.ponder.rsf.cookbook.producers.Index" />
  <bean name="category-edit-producer"
    class="uk.org.ponder.rsf.cookbook.producers.CategoryEdit" />
  <bean name="recipe-edit-producer"
    class="uk.org.ponder.rsf.cookbook.producers.RecipeEdit" />

</beans>