<?xml version="1.0" encoding="UTF-8"?>

<!-- default goal for the project builds and installs the war in the local repository -->
<project xmlns:j="jelly:core" xmlns:maven="jelly:maven"
  xmlns:u="jelly:util" xmlns:ant="jelly:ant">

  <!-- the common "full" goal invokes the default goal.  Used in maven -Dgoal=full multiproject:goal from .. -->
  <goal name="full">
    <!--attainGoal name="dependencies" /-->
    <attainGoal name="deploy" />
  </goal>

  <preGoal name="java:compile">
    <attainGoal name="dependencies" />
  </preGoal>

  <!--  Hack around Maven's ridiculous restriction on multiple Java source
    directories: http://www.savoirtech.com/roller/page/jgenender/20041005 -->
  <preGoal name="java:compile">
    <ant:path id="generated.src.dir"
      location="${basedir}/src/generated-java" />
    <maven:addPath id="maven.compile.src.set" refid="generated.src.dir" />
  </preGoal>

  <goal name="deploy" prereqs="war:webapp">
    <maven:property defaultValue="${pom.artifactId}" var="webappName"
      name="rsfhello.deploy.webappname" />
    <j:set var="destination"
      value="${maven.tomcat.home}/webapps/${webappName}" />

    <mkdir dir="${destination}" />

    <copy todir="${destination}">
      <fileset dir="${maven.war.webapp.dir}" />
    </copy>
  </goal>

  <goal name="dependencies">
    <echo>ECHO HERE!!</echo>
    <maven:reactor basedir="${basedir}/.."
      includes="PonderUtilCore/project.xml,J-ServletUtil/project.xml,J-RSFUtil/project.xml,J-RSFHibernate/project.xml"
      goals="full" postProcessing="true" collectOnly="false"
      collectionVar="multiprojects" banner="do deps" />
  </goal>

  <goal name="generate-hibernate-javamodel">
    <j:set var="hibernate.cfg.xml"
      value="${basedir}/src/conf/hibernate.cfg.xml" />
    <j:set var="generated.hbm" value="${basedir}/src/conf/" />
    <j:set var="generated.sources"
      value="${basedir}/src/generated-java/" />
    <echo>${generated.sources}</echo>

    <ant:taskdef name="hbm2java"
      classname="net.sf.hibernate.tool.hbm2java.Hbm2JavaTask"
      classpathref="maven.dependency.classpath" />

    <ant:hbm2java config="${hibernate.cfg.xml}"
      output="${generated.sources}">
      <ant:fileset dir="${generated.hbm}">
        <ant:include name="**/*.hbm.xml" />
      </ant:fileset>
    </ant:hbm2java>
  </goal>


</project>
