<?xml version="1.0" encoding="UTF-8"?>

<!-- default goal for the project builds and installs the war in the local repository -->
<project xmlns:j="jelly:core" xmlns:maven="jelly:maven"
  xmlns:u="jelly:util" xmlns:ant="jelly:ant">

  <goal name="generate-hibernate-javamodel">
    <j:set var="hibernate.cfg.xml"
      value="${basedir}/src/conf/hibernate.cfg.xml" />
    <j:set var="generated.hbm" value="${basedir}/src/conf/" />
    <j:set var="generated.sources"
      value="${basedir}/src/java/" />
    <echo>${generated.sources}</echo>

    <ant:taskdef name="hbm2java"
      classname="net.sf.hibernate.tool.hbm2java.Hbm2JavaTask"
      classpathref="maven.dependency.classpath" />

    <ant:hbm2java config="${hibernate.cfg.xml}"
      output="${generated.sources}">
      <ant:fileset dir="${generated.hbm}">
        <ant:include name="**/*.hbm.xml" />
      </ant:fileset>
    </ant:hbm2java>
  </goal>


</project>
