<?xml version="1.0" encoding="UTF-8"?>
<!DOCTYPE beans PUBLIC "-//SPRING//DTD BEAN//EN"
  "http://www.springframework.org/dtd/spring-beans.dtd">
<beans>
  <!--  Configure the Hibernate SessionFactory bean with a basic data source
    pointing at our database  -->
  <bean id="dataSource" class="org.apache.commons.dbcp.BasicDataSource"
    destroy-method="close">
    <property name="driverClassName">
      <value>com.mysql.jdbc.Driver</value>
    </property>
    <property name="url">
      <value>jdbc:mysql://localhost:3306/hibernatecookbook</value>
    </property>
    <property name="username">
      <value></value>
    </property>
    <property name="password">
      <value></value>
    </property>
  </bean>

  <bean id="sessionFactory"
    class="org.springframework.orm.hibernate.LocalSessionFactoryBean">
    <property name="dataSource">
      <ref bean="dataSource" />
    </property>
    <property name="mappingLocations">
      <value>classpath:conf/**.hbm.xml</value>
    </property>
    <property name="hibernateProperties">
      <props>
        <prop key="hibernate.dialect">
          net.sf.hibernate.dialect.MySQLDialect
        </prop>
        <prop key="hibernate.show_sql">true</prop>
        <!-- Always drop and recreate the database schema on startup -->
        <prop key="hbm2ddl.auto">update</prop>
      </props>
    </property>
    <!-- Always drop and recreate the database schema on startup -->
    <property name="schemaUpdate"><value>true</value></property>
  </bean>
  
  <bean id="monthBean" class="uk.org.ponder.dateutil.MonthBean" init-method="init"/>
  
  <!-- Define the bean roots from the request scope file that are accessible 
    via incoming request EL - NB, hibernate-exposed entities are permitted by default -->
  <bean name="requestAddressibleBeans"
    class="uk.org.ponder.springutil.StringListFactory">
    <property name="strings">
      <value>recipes-all, monthBean, viewParameters, datetransit</value>
    </property>
  </bean>
  
   <!--  Set up XML view resolvers pointing at the producers directory -->
  <bean id="XMLViewResolver" parent="XMLViewResolverDef">
    <property name="basePath" value="/WEB-INF/producers/" />
  </bean>
</beans>