<?xml version="1.0" encoding="UTF-8"?>
<view>
  <component type="form" id="basic-form">
    <component type="replicator" id="categoryrep">
      <valuebinding>#{categories-all}</valuebinding>
      <idstrategy type="idremap" basepath="#{Category}" />
      <component type="branchcontainer" id="category-row:">
        <component type="output" id="category-name">
          <valuebinding>#{*.name}</valuebinding>
        </component>
        <component type="internallink" id="category-show">
          <viewparams>/category-show/*</viewparams>
        </component>
        <component type="internallink" id="category-edit">
          <viewparams>/category-edit/*?mode=edit</viewparams>
        </component>
        <component type="command" id="category-destroy">
          <parameter type="deletionbinding">
            <deletebinding>#{*}</deletebinding>
          </parameter>
        </component>
      </component><!-- end branchline defn -->
    </component><!-- end replicator defn -->
    
    <component type="internallink" id="category-create">
      <viewparams>/category-edit/new 1?mode=new</viewparams>
    </component>
    <component type="internallink" id="index">
      <viewparams>/index</viewparams>
    </component>
  </component>
</view>