<?xml version="1.0" encoding="UTF-8"?>
<view>
  <component type="replicator" id="reciperep">
    <valuebinding>#{viewParameters.entity}</valuebinding>
    <idstrategy type="idremap" basepath="#{Category}" idfield="ID" />
    <elideparent>true</elideparent>
    <component type="branchcontainer" id="recipeline:">
      <component type="output" id="category-name">
        <valuebinding>#{*.title}</valuebinding>
      </component>
    </component>
  </component>
  <component type="internallink" id="category-back">
    <viewparams>/categories</viewparams>
  </component>
  <view-parameters type="entitycentred">
    <entity name="Category"/>
  </view-parameters>
</view>