<?xml version="1.0" encoding="UTF-8"?>
<view>
  <component type="switch" id="headingswitch">
    <lvalue type="elref">#{viewParameters.mode}</lvalue>
    <rvalue type="java.lang.String">new</rvalue>
    <truecomponent type="output" id="new-category-heading"></truecomponent>
    <falsecomponent type="output" id="edit-category-heading"></falsecomponent>
  </component>
  <component type="form" id="basic-form">
    <component type="replicator" id="reciperep">
      <valuebinding>#{viewParameters.entity}</valuebinding>
      <idstrategy type="idremap" basepath="#{Category}" idfield="ID"/>
      <elideparent>true</elideparent>
      <component type="branchcontainer" id="categoryline:">
        <component type="input" id="category-name">
          <valuebinding>#{*.name}</valuebinding>
        </component>
      </component>
    </component>
    <component type="command" id="category-save" />
    <component type="internallink" id="category-cancel">
      <viewparams>/categories</viewparams>
    </component>
  </component>
  <!--  There is only one submission control on the page, so neglect return value -->
  <navigation-case to-view-id="/categories"/>
  <view-parameters type="entitycentred">
    <entity name="Category"/>
  </view-parameters>
</view>