<?xml version="1.0" encoding="UTF-8"?>
<view>
  <component type="switch" id="headingswitch">
    <lvalue type="elref">#{viewParameters.mode}</lvalue>
    <rvalue type="java.lang.String">new</rvalue>
    <truecomponent type="output" id="new-recipe-heading"></truecomponent>
    <falsecomponent type="output" id="edit-recipe-heading"></falsecomponent>
  </component>
  <component type="form" id="basic-form">
    <component type="replicator" id="reciperep">
      <valuebinding>#{viewParameters.entity}</valuebinding>
      <idstrategy type="idremap" basepath="#{Recipe}" idfield="ID" />
      <elideparent>true</elideparent>
      <component type="branchcontainer" id="recipeline:">
        <component type="input" id="recipe-title">
          <valuebinding>#{*.title}</valuebinding>
        </component>
        <component type="input" id="recipe-description">
          <valuebinding>#{*.description}</valuebinding>
        </component>
        <component type="select" id="recipe-category">
          <optionlist>
            <valuebinding>#{categories-all}</valuebinding>
            <!--  Will use the "id" field of category to represent in request -->
            <resolver type="elref">#{fieldGetter.id}</resolver>
          </optionlist>
          <optionnames>
            <!--  Will use the "name" field of category to render in the list -->
            <resolver type="elref">#{fieldGetter.name}</resolver>
          </optionnames>
          <selection type="input">
            <!--  The selected value in the control is the id of the recipe's category -->
            <valuebinding>#{*.category.id}</valuebinding>
            <!-- The special decode-time bean required to remap category id back onto Object -->
            <darreshaper>#{id-defunnel}</darreshaper>
          </selection>
        </component>
        <component type="input" id="recipe-instructions">
          <valuebinding>#{*.instructions}</valuebinding>
        </component>
        <component type="internallink" id="recipe-show">
          <viewparams>/recipe-show/*</viewparams>
        </component>
        <!--  An EL binding to write the current date into the date field of this
          recipe -->
        <parameter type="elbinding">
          <valuebinding>#{*.date}</valuebinding>
          <rvalue type="elref">#{newdate.1}</rvalue>
        </parameter>
        <!--  End replicated line -->
      </component>
      <!-- End replicator -->
    </component>
    <component type="command" id="recipe-save" />
    <component type="internallink" id="recipe-list">
      <viewparams>/recipes</viewparams>
    </component>
  </component>
  <!--  There is only one submission control on the page, so neglect return value -->
  <navigation-case to-view-id="/recipes" />
  <view-parameters type="entitycentred">
    <entity name="Recipe" />
  </view-parameters>
</view>