<?xml version="1.0" encoding="UTF-8"?>
<view>
  <component type="form" id="basic-form">
    <component type="replicator" id="reciperep">
      <valuebinding>#{recipes-all}</valuebinding>
      <idstrategy type="idremap" basepath="#{Recipe}" />
      <component type="branchcontainer" id="recipe-row:">
       <component type="output" id="confirm-title">
          <valuebinding>#{*.title}</valuebinding>
       </component>
       <component type="internallink" id="recipe-show">
          <viewparams>/recipe-show/*</viewparams>
          <linktext>
            <valuebinding>#{*.title}</valuebinding>
          </linktext>
        </component>
        <component type="output" id="recipe-category">
          <valuebinding>#{*.category.name}</valuebinding>
        </component>
        <component type="output" id="recipe-date">
          <valuebinding>#{*.date}</valuebinding>
          <resolver type="dateparser">yyyy-MM-dd</resolver>
        </component>
        <component type="command" id="recipe-destroy">
          <parameter type="deletionbinding">
            <deletebinding>#{*}</deletebinding>
          </parameter>
        </component>
      </component><!-- end branchline defn -->
    </component><!-- end replicator defn -->

    <component type="internallink" id="recipe-create">
      <viewparams>/recipe-edit/new 1?mode=new</viewparams>
    </component>
    <component type="internallink" id="index">
      <viewparams>/index</viewparams>
    </component>
  </component>
</view>