<?xml version="1.0" encoding="UTF-8"?>
<view>
  <component type="replicator" id="reciperep">
    <valuebinding>#{viewParameters.entity}</valuebinding>
    <idstrategy type="idremap" basepath="#{Recipe}" idfield="ID" />
    <elideparent>true</elideparent>
    <component type="branchcontainer" id="recipeline:">
      <component type="output" id="recipe-title">
        <valuebinding>#{*.title}</valuebinding>
      </component>
      <component type="output" id="recipe-description">
        <valuebinding>#{*.description}</valuebinding>
      </component>
      <component type="output" id="recipe-date">
        <valuebinding>#{*.date}</valuebinding>
        <resolver type="dateparser">yyyy-MM-dd</resolver>
      </component>
      <component type="output" id="recipe-instructions">
        <valuebinding>#{*.instructions}</valuebinding>
      </component>
    </component>
  </component>
  <component type="internallink" id="recipe-back">
    <viewparams>/recipes</viewparams>
  </component>
  <view-parameters type="entitycentred">
    <entity name="Recipe"/>
  </view-parameters>
</view>