<?xml version="1.0" encoding="UTF-8"?>
<!DOCTYPE beans PUBLIC "-//SPRING//DTD BEAN//EN" 
  "http://www.springframework.org/dtd/spring-beans.dtd">
<!-- Configuration forapplication-scope beans required for RSF Hibernate integration -->
<beans>
  <!-- A dummy sessionFactory bean, to be overridden by the application  -->
  <bean name="sessionFactory"></bean>

  <bean id="hibernate-staticEBM"
    class="uk.org.ponder.rsf.hibernate.StaticHibernateEBM" init-method="init">
    <property name="mappingContext">
      <ref bean="ELMappingContext" />
    </property>
    <property name="localSessionFactoryBean">
      <ref bean="&amp;sessionFactory" />
    </property>
    <!--  If this property lists no classes, ALL Hibernate-mapped persistent
      classes will be exposed by default. -->
    <property name="classes">
      <ref bean="hibernate-entities" />
    </property>
  </bean>

  <!-- If only SOME Hibernate entities should be mapped to EL, override this list -->
  <bean id="hibernate-entities"
    class="uk.org.ponder.springutil.StringListFactory">
    <property name="strings" value=""/>
  </bean>

  <bean id="hibernate-idresolver"
    class="uk.org.ponder.rsf.hibernate.HibernateIDResolver">
    <property name="leafParser" ref="staticLeafParser" />
    <property name="sessionFactory" ref="sessionFactory" />
  </bean>
</beans>