<?xml version="1.0" encoding="UTF-8"?>
<!DOCTYPE beans PUBLIC "-//SPRING//DTD BEAN//EN" 
  "http://www.springframework.org/dtd/spring-beans.dtd">
<!-- Configuration for request-scope beans required for RSF Hibernate integration -->
<beans>
  <bean id="alterationWrapper" class="uk.org.ponder.rsf.hibernate.HibernateAlterationWrapper"
  lazy-init="true">
  <!-- Laziness required by following cycle:
  Error setting dependency alterationWrapper of bean RSFRenderHandler
  Error setting dependency entityIDRewriter of bean alterationWrapper
  Error setting dependency hibernateAlterationWrapper of bean hibernate-entityBeanManager
 -->
    <property name="sessionFactory">
    <!-- EXTERNAL DEPENDENCY!!! A Hibernate-enabled RSF app must define a bean with this
    name that dispenses a SessionFactory. -->
      <ref bean="sessionFactory"/>
    </property>
    <property name="mappingContext" ref="ELMappingContext"/>
    <property name="requestType" ref="requestType"/>
    <property name="entityIDRewriter" ref="hibernate-entityBeanManager"/>
    <property name="ARIResult" ref="ARIResult"/>
  </bean>
  
  <!-- A bean representing the Hibernate Session for this request.  -->
  <bean id="hibernate-session" factory-bean="alterationWrapper" factory-method="getSession" 
      lazy-init="true"/>
      
  <!-- A bean representing the Hibernate Transaction for this request.  -->
  <bean id="hibernate-transaction" factory-bean="alterationWrapper" factory-method="getTransaction" 
      lazy-init="true"/>
  
  <bean id="hibernate-entityBeanManager" class="uk.org.ponder.rsf.hibernate.HibernateEntityBeanManager"
    init-method="init" lazy-init="true">
     <property name="hibernateAlterationWrapper">
       <ref bean="alterationWrapper"/>
     </property>
     <property name="staticHibernateEBM">
       <ref bean="hibernate-staticEBM"/>
     </property>
  </bean>
  
  <!--  A template bean for HQL queries -->
  <bean id="HQLQuery"
    class="uk.org.ponder.rsf.hibernate.HQLQueryBean" abstract="true">
    <property name="session" ref="hibernate-session"/>
  </bean>
  
  <!-- The "ID-defunneller", required to correctly process submissions from entity
    selection controls -->
  <bean id="id-defunnel" class="uk.org.ponder.rsf.state.entity.IDDefunnellingReshaper">
    <property name="beanModelAlterer" ref="DARApplier"/>
    <property name="mappingContext" ref="ELMappingContext"/>
    <property name="requestBeanLocator" ref="rsacSafeBeanLocator"/>
    <property name="entityNameInferrer" ref="hibernate-staticEBM"/>
  </bean>
</beans>